{
    "numeric": {
        "sepal length (cm)": {
            "index": 0,
            "min": 4.3,
            "max": 7.9,
            "mean": 5.843333333333334,
            "std": 0.828066127977863,
            "median": 5.8,
            "q1": 5.1,
            "q3": 6.4
        },
        "sepal width (cm)": {
            "index": 1,
            "min": 2.0,
            "max": 4.4,
            "mean": 3.0573333333333337,
            "std": 0.4358662849366982,
            "median": 3.0,
            "q1": 2.8,
            "q3": 3.3
        },
        "petal length (cm)": {
            "index": 2,
            "min": 1.0,
            "max": 6.9,
            "mean": 3.7580000000000005,
            "std": 1.7652982332594662,
            "median": 4.35,
            "q1": 1.6,
            "q3": 5.1
        },
        "petal width (cm)": {
            "index": 3,
            "min": 0.1,
            "max": 2.5,
            "mean": 1.1993333333333336,
            "std": 0.7622376689603465,
            "median": 1.3,
            "q1": 0.3,
            "q3": 1.8
        }
    },
    "categorical": {},
    "ordinal": {},
    "target": {
        "target": {
            "index": 4,
            "distinct_values": [
                "setosa",
                "versicolor",
                "virginica"
            ],
            "count": {
                "setosa": 50,
                "versicolor": 50,
                "virginica": 50
            }
        }
    }
}